<project name="Display tag library">
  <publishDate position="left" format="MM-dd-yyyy hh:mm" />
  <bannerLeft>
    <name>Sourceforge</name>
    <src>http://sourceforge.net/sflogo.php?group_id=73068&amp;amp;type=2</src>
    <href>http://sourceforge.net/projects/displaytag</href>
  </bannerLeft>
  <bannerRight>
    <name>Displaytag</name>
    <src>http://displaytag.sf.net/11/images/displaytag.png</src>
    <href>http://displaytag.sf.net/11/</href>
  </bannerRight>
  <body>
    <links>
      <item name="Live examples" href="http://displaytag.homeip.net/displaytag-examples-1.1" />
    </links>
    <menu name="Reference">
      <item name="About" href="../index.html" />
      <item name="Download" href="../download.html" />
      <item name="Install" href="../install.html" />
      <item name="Tlds" href="../tlds.html" />
      <item name="Tag reference" href="tagreference.html" />
      <item name="Configuration" href="../configuration.html" />
      <item name="Export filter" href="../export_filter.html" />
      <item name="Migrating" href="../migrating.html" />
      <item name="FAQ" href="../faq.html" />
      <item name="Related projects" href="../thirdparty.html" />
    </menu>
    <menu name="Tutorial">
      <item name="Basic usage" href="../tut_basic.html" />
      <item name="Implicit objects" href="../tut_implicitobjects.html" />
      <item name="Data sources" href="../tut_sources.html" />
      <item name="Decorators" href="../tut_decorators.html" />
      <item name="Links" href="../tut_links.html" />
      <item name="Style" href="../tut_style.html" />
      <item name="Export" href="../export.html" />
      <item name="I18n" href="../i18n.html" />
      <item name="External paging/sorting" href="../tut_externalSortAndPage.html" />
    </menu>
    <menu name="Displaytag Extensions">
      <item name="Jsr-168 Portlet support" href="../portlet.html" />
    </menu>
    <menu name="Developers">
      <item name="Coding Conventions" href="../coding_conventions.html" />
      <item name="Building from sources" href="../buildit.html" />
    </menu>
    <menu name="Project Info">
      <item name="Continuous Integration" href="../integration.html" />
      <item name="Dependencies" href="../dependencies.html" />
      <item name="Issue Tracking" href="../issue-tracking.html" />
      <item name="Mailing Lists" href="../mail-lists.html" />
      <item name="Project License" href="../license.html" />
      <item name="Project Team" href="../team-list.html" />
      <item name="Source Repository" href="../source-repository.html" />
    </menu>
    <menu name="Project Reports">
      <item name="Changes Report" href="../changes-report.html" />
      <item name="Jira Report" href="../jira-report.html" />
      <item name="Dependency Convergence" href="../dependency-convergence.html" />
      <item name="Main tag library" href="index.html" collapse="false">
        <item name="Dependencies" href="dependencies.html" />
        <item name="Javadoc" href="apidocs/index.html" />
        <item name="Checkstyle" href="checkstyle.html" />
        <item name="PMD" href="pmd.html" />
        <item name="Clover" href="clover/index.html" external="true" />
        <item name="Maven Surefire Report" href="surefire-report.html" />
        <item name="Source Xref" href="jxr.html" />
        <item name="JDepend Report" href="jdepend-report.html" />
        <item name="Tag library validation" href="taglibvalidation.html" />
        <item name="Tag reference" href="tagreference.html" />
        <item name="Taglibdoc documentation" href="tlddoc/index.html" />
      </item>
      <item name="Excel export module" href="../displaytag-export-poi/index.html" collapse="false">
        <item name="Dependencies" href="../displaytag-export-poi/dependencies.html" />
        <item name="Javadoc" href="../displaytag-export-poi/apidocs/index.html" />
        <item name="Checkstyle" href="../displaytag-export-poi/checkstyle.html" />
        <item name="PMD" href="../displaytag-export-poi/pmd.html" />
        <item name="Source Xref" href="../displaytag-export-poi/jxr.html" />
        <item name="Maven Surefire Report" href="../displaytag-export-poi/surefire-report.html" />
      </item>
      <item name="Portlet support" href="../displaytag-portlet/index.html" collapse="false">
        <item name="Dependencies" href="../displaytag-portlet/dependencies.html" />
        <item name="Javadoc" href="../displaytag-portlet/apidocs/index.html" />
        <item name="Checkstyle" href="../displaytag-portlet/checkstyle.html" />
        <item name="PMD" href="../displaytag-portlet/pmd.html" />
        <item name="Source Xref" href="../displaytag-portlet/jxr.html" />
        <item name="Maven Surefire Report" href="../displaytag-portlet/surefire-report.html" />
      </item>
      <item name="Example application" href="../displaytag-examples/index.html" collapse="false">
        <item name="Dependencies" href="../displaytag-examples/dependencies.html" />
        <item name="Source Xref" href="../displaytag-examples/jxr.html" />
      </item>
    </menu>
  </body>
   <!--
    <poweredBy>
    <logo>
      <img>http://sourceforge.net/sflogo.php?group_id=73068&amp;type=8</img>
        <name>Sourceforge</name>
        <href>http://sourceforge.net/projects/displaytag</href>
    </logo>
      <logo>
        <img>http://www.cenqua.com/clover/images/clovered1.gif</img>
        <name>Code Coverage by Clover</name>
        <href>http://www.cenqua.com/clover</href>
      </logo>
      <logo>
        <img>images/project-support.png</img>
        <name>Support this project!</name>
        <href>http://sourceforge.net/donate/index.php?group_id=73068</href>
      </logo>

      </poweredBy>-->

</project>
