<?xml version="1.0" encoding="ISO-8859-1"?>

<project>
  <pomVersion>3</pomVersion>
  <name>HttpClient</name>
  <groupId>commons-httpclient</groupId>
  <artifactId>commons-httpclient</artifactId>
  <gumpRepositoryId>jakarta-commons-httpclient</gumpRepositoryId>
  <inceptionYear>2001</inceptionYear>
  <currentVersion>3.1-rc1</currentVersion>
  <package>org.apache.commons.httpclient</package>

  <organization>
    <name>Apache Software Foundation</name>
    <url>http://jakarta.apache.org/</url>
    <logo>http://jakarta.apache.org/images/jakarta-logo.gif</logo>
  </organization>


  <shortDescription>Jakarta Commons HttpClient</shortDescription>
  <description>
    The HttpClient  component supports the client-side of RFC 1945 (HTTP/1.0)  and RFC 2616 (HTTP/1.1) , several related specifications (RFC 2109 (Cookies) , RFC 2617 (HTTP Authentication) , etc.), and provides a framework by which new request types (methods) or HTTP extensions can be created easily.
  </description>

  <logo>/images/httpclient_logo.png</logo>
  <url>http://jakarta.apache.org/commons/httpclient/</url>
  <issueTrackingUrl>http://issues.apache.org/jira/browse/HTTPCLIENT</issueTrackingUrl>

  <siteAddress>people.apache.org</siteAddress>
  <siteDirectory>/www/jakarta.apache.org/commons/httpclient/</siteDirectory>
  <repository>
   <connection>scm:svn:http://svn.apache.org/repos/asf/jakarta/commons/proper/${pom.artifactId.substring(8)}/trunk</connection>
    <url>http://svn.apache.org/repos/asf/jakarta/commons/proper/${pom.artifactId.substring(8)}/trunk</url>
  </repository>
  <versions>
    <version>
      <id>3.1-rc1</id>
      <name>3.1-rc1</name>
      <tag>HTTPCLIENT_3_1_RC1</tag>
    </version>
    <version>
      <id>3.1-beta1</id>
      <name>3.1-beta1</name>
      <tag>HTTPCLIENT_3_1_BETA1</tag>
    </version>
    <version>
      <id>3.1-alpha1</id>
      <name>3.1-alpha1</name>
      <tag>HTTPCLIENT_3_1_ALPHA1</tag>
    </version>
    <version>
      <id>3.0.1</id>
      <name>3.0.1</name>
      <tag>HTTPCLIENT_3_0_1</tag>
    </version>
    <version>
      <id>3.0</id>
      <name>3.0</name>
      <tag>HTTPCLIENT_3_0</tag>
    </version>
    <version>
      <id>3.0-rc4</id>
      <name>3.0-rc4</name>
      <tag>HTTPCLIENT_3_0_RC4</tag>
    </version>
    <version>
      <id>3.0-rc3</id>
      <name>3.0-rc3</name>
      <tag>HTTPCLIENT_3_0_RC3</tag>
    </version>
    <version>
      <id>3.0-rc2</id>
      <name>3.0-rc2</name>
      <tag>HTTPCLIENT_3_0_RC2</tag>
    </version>
    <version>
      <id>3.0-rc1</id>
      <name>3.0-rc1</name>
      <tag>HTTPCLIENT_3_0_RC1</tag>
    </version>
    <version>
      <id>3.0-beta1</id>
      <name>3.0-beta1</name>
      <tag>HTTPCLIENT_3_0_BETA1</tag>
    </version>
    <version>
      <id>3.0-alpha2</id>
      <name>3.0-alpha2</name>
      <tag>HTTPCLIENT_3_0_ALPHA2</tag>
    </version>
    <version>
      <id>3.0-alpha1</id>
      <name>3.0-alpha1</name>
      <tag>HTTPCLIENT_3_0_ALPHA1</tag>
    </version>
    <version>
      <id>2.0</id>
      <name>2.0</name>
      <tag>HTTPCLIENT_2_0_FINAL</tag>
    </version>
    <version>
      <id>rc3</id>
      <name>2.0-rc3</name>
      <tag>HTTPCLIENT_2_0_RC3</tag>
    </version>
    <version>
      <id>rc2</id>
      <name>2.0-rc2</name>
      <tag>HTTPCLIENT_2_0_RC2</tag>
    </version>
    <version>
      <id>rc1</id>
      <name>2.0-rc1</name>
      <tag>HTTPCLIENT_2_0_RC1</tag>
    </version>
    <version>
      <id>b2</id>
      <name>2.0-beta2</name>
      <tag>HTTPCLIENT_2_0_BETA2</tag>
    </version>
    <version>
      <id>b1</id>
      <name>2.0-beta1</name>
      <tag>HTTPCLIENT_2_0_BETA1</tag>
    </version>
    <version>
      <id>a3</id>
      <name>2.0-alpha3</name>
      <tag>HTTPCLIENT_2_0_ALPHA3</tag>
    </version>
    <version>
      <id>a2</id>
      <name>2.0-alpha2</name>
      <tag>HTTPCLIENT_2_0_ALPHA2</tag>
    </version>
    <version>
      <id>a1</id>
      <name>2.0-alpha1</name>
      <tag>HTTPCLIENT_2_0_ALPHA1</tag>
    </version>
  </versions>
  
  <branches>
    <branch>
      <tag>HTTPCLIENT_2_0_BRANCH</tag>
    </branch>
    <branch>
      <tag>HTTPCLIENT_3_0_BRANCH</tag>
    </branch>
  </branches>

  <mailingLists>
    <mailingList>
      <name>HttpComponents Developer List</name>
      <subscribe>httpcomponents-dev-subscribe@jakarta.apache.org</subscribe>
      <unsubscribe>httpcomponents-dev-unsubscribe@jakarta.apache.org</unsubscribe>
      <archive>http://mail-archives.apache.org/mod_mbox/jakarta-httpcomponents-dev/</archive>
    </mailingList>
    <mailingList>
      <name>HttpClient User List</name>
      <subscribe>httpclient-user-subscribe@jakarta.apache.org</subscribe>
      <unsubscribe>httpclient-user-unsubscribe@jakarta.apache.org</unsubscribe>
      <archive>http://mail-archives.apache.org/mod_mbox/jakarta-httpclient-user/</archive>
    </mailingList>
  </mailingLists>

  <developers>
    <developer>
      <name>Michael Becke</name>
      <id>mbecke</id>
      <email>mbecke -at- apache.org</email>
      <organization></organization>
      <roles>
        <role>Release Prime</role>
        <role>Java Developer</role>
      </roles>
    </developer>
    <developer>
      <name>Jeff Dever</name>
      <id>jsdever</id>
      <email>jsdever -at- apache.org</email>
      <organization>Independent consultant</organization>
      <roles>
        <role>2.0 Release Prime</role>
        <role>Java Developer</role>
      </roles>
    </developer>
    <developer>
      <name>dIon Gillard</name>
      <id>dion</id>
      <email>dion -at- apache.org</email>
      <organization>Multitask Consulting</organization>
      <roles>
        <role>Java Developer</role>
      </roles>
    </developer>
    <developer>
      <name>Ortwin Glueck</name>
      <id>oglueck</id>
      <email>oglueck -at- apache.org</email>
      <organization></organization>
      <roles>
        <role>Java Developer</role>
      </roles>
      <url>http://www.odi.ch/</url>
    </developer>
    <developer>
      <name>Sung-Gu</name>
      <id>jericho</id>
      <email>jericho -at- apache.org</email>
      <organization/>
      <roles>
        <role>Java Developer</role>
      </roles>
    </developer>
    <developer>
      <name>Oleg Kalnichevski</name>
      <id>olegk</id>
      <email>olegk -at- apache.org</email>
      <roles>
        <role>Java Developer</role>
      </roles>
    </developer>
    <developer>
      <name>Sean C. Sullivan</name>
      <id>sullis</id>
      <email>sullis -at- apache.org</email>
      <organization>Independent consultant</organization>
      <roles>
        <role>Java Developer</role>
      </roles>
    </developer>
    <developer>
      <name>Adrian Sutton</name>
      <id>adrian</id>
      <email>adrian.sutton -at- ephox.com</email>
      <organization>Intencha</organization>
      <roles>
        <role>Java Developer</role>
      </roles>
    </developer>
    <developer>
      <name>Rodney Waldhoff</name>
      <id>rwaldhoff</id>
      <email>rwaldhoff -at- apache</email>
      <organization>Britannica</organization>
      <roles>
        <role>Java Developer</role>
      </roles>
    </developer>
  </developers>

  <contributors>
    <contributor>
      <name>Armando Anton</name>
      <email>armando.anton -at- newknow.com</email>
    </contributor>
    <contributor>
      <name>Sebastian Bazley</name>
      <email>sebb -at- apache.org</email>
    </contributor>
    <contributor>
      <name>Ola Berg</name>
      <email></email>
    </contributor>
    <contributor>
      <name>Sam Berlin</name>
      <email>sberlin -at- limepeer.com</email>
    </contributor>
    <contributor>
      <name>Mike Bowler</name>
      <email></email>
    </contributor>
    <contributor>
      <name>Samit Jain</name>
      <email>jain.samit -at- gmail.com</email>
    </contributor>
    <contributor>
      <name>Eric Johnson</name>
      <email>eric -at- tibco.com</email>
    </contributor>
    <contributor>
      <name>Christian Kohlschuetter</name>
      <email>ck -at- newsclub.de</email>
    </contributor>
    <contributor>
      <name>Ryan Lubke</name>
      <email>Ryan.Lubke -at- Sun.COM</email>
    </contributor>
    <contributor>
      <name>Sam Maloney</name>
      <email>sam.maloney -at- filogix.com</email>
    </contributor>
    <contributor>
      <name>Rob Di Marco</name>
      <email>rdimarco -at- hmsonline.com</email>
    </contributor>
    <contributor>
      <name>Juergen Pill</name>
      <email>Juergen.Pill -at- softwareag.com</email>
    </contributor>
    <contributor>
      <name>Mohammad Rezaei</name>
      <email>mohammad.rezaei -at- gs.com</email>
    </contributor>
    <contributor>
      <name>Roland Weber</name>
      <email>ROLWEBER -at- de.ibm.com</email>
    </contributor>
    <contributor>
      <name>Laura Werner</name>
      <email>laura -at- lwerner.org</email>
    </contributor>
    <contributor>
      <name>Mikael Wilstrom</name>
      <email>mikael.wikstrom -at- it.su.se</email>
    </contributor>
  </contributors>

  <licenses>
    <license>
      <name>Apache License</name>
      <url>http://www.apache.org/licenses/LICENSE-2.0</url>
      <distribution>repo</distribution>
    </license>
  </licenses>

  <dependencies>
    <dependency>
      <groupId>junit</groupId>
      <artifactId>junit</artifactId>
      <version>3.8.1</version>
      <url>http://www.junit.org/</url>
      <properties>
        <scope>test</scope>
      </properties>
    </dependency>
    <dependency>
      <groupId>commons-logging</groupId>
      <artifactId>commons-logging</artifactId>
      <version>1.0.4</version>
      <url>http://jakarta.apache.org/commons/logging/</url>
    </dependency>
    <dependency>
      <groupId>commons-codec</groupId>
      <artifactId>commons-codec</artifactId>
      <version>1.2</version>
      <url>http://jakarta.apache.org/commons/codec/</url>
    </dependency>
  </dependencies>

  <build>
    <nagEmailAddress>httpclient-dev@jakarta.apache.org</nagEmailAddress>
    <sourceDirectory>src/java</sourceDirectory>
    <unitTestSourceDirectory>src/test</unitTestSourceDirectory>
    <aspectSourceDirectory/>
    <unitTest>
      <includes>
        <include>**/TestAll.java</include>
      </includes>
      <resources>
        <resource>
          <directory>src/test</directory>
          <includes>
            <include>**/*.keystore</include>
          </includes>
        </resource>
      </resources>
    </unitTest>
  </build>

  <reports>
    <report>maven-changelog-plugin</report>
    <report>maven-changes-plugin</report>
    <report>maven-developer-activity-plugin</report>
    <report>maven-file-activity-plugin</report>
    <report>maven-javadoc-plugin</report>
    <report>maven-jdepend-plugin</report>
    <report>maven-junit-report-plugin</report>
    <report>maven-jxr-plugin</report>
    <report>maven-license-plugin</report>
    <report>maven-tasklist-plugin</report>
  </reports>
  
</project>
