<assembly>
  <id>src</id>
  <formats>
    <format>tar.gz</format>
    <format>zip</format>
  </formats>
  <fileSets>
    <fileSet>
      <includes>
        <include>README*</include>
        <include>LICENSE*</include>
        <include>NOTICE*</include>
        <include>pom.xml</include>
      </includes>
    </fileSet>
    <fileSet>
      <directory>../displaytag-doc</directory>
      <outputDirectory>displaytag-doc</outputDirectory>
      <includes>
        <include>README*</include>
        <include>*.xml</include>
        <include>*.license</include>
        <include>src/**</include>
      </includes>
    </fileSet>
    <fileSet>
      <directory>../displaytag</directory>
      <outputDirectory>displaytag</outputDirectory>
      <includes>
        <include>README*</include>
        <include>*.xml</include>
        <include>*.license</include>
        <include>src/**</include>
      </includes>
    </fileSet>
    <fileSet>
      <directory>../displaytag-export-poi</directory>
      <outputDirectory>displaytag-export-poi</outputDirectory>
      <includes>
        <include>README*</include>
        <include>*.xml</include>
        <include>*.license</include>
        <include>src/**</include>
      </includes>
    </fileSet>
    <fileSet>
      <directory>../displaytag-portlet</directory>
      <outputDirectory>displaytag-portlet</outputDirectory>
      <includes>
        <include>README*</include>
        <include>*.xml</include>
        <include>*.license</include>
        <include>src/**</include>
      </includes>
    </fileSet>
    <fileSet>
      <directory>../displaytag-examples</directory>
      <outputDirectory>displaytag-examples</outputDirectory>
      <includes>
        <include>README*</include>
        <include>*.xml</include>
        <include>*.license</include>
        <include>src/**</include>
      </includes>
    </fileSet>
  </fileSets>
</assembly>